{"cameraMode":{"drawMode":0,"name":"Shaded","section":"Shading Mode"},"sceneLighting":true,"audioPlay":false,"sceneViewState":{"showFog":true,"showMaterialUpdate":false,"showSkybox":true,"showFlares":true,"showImageEffects":true,"showParticleSystems":true},"in2DMode":false,"pivot":{"x":-0.23999999463558198,"y":2.509999990463257,"z":-9.960000038146973},"rotation":{"x":0.2322830855846405,"y":-0.06122930347919464,"z":0.014655322767794133,"w":0.970614492893219},"size":10.0,"orthographic":true}